Accession.Number,ProteinID,Accession.New,MouseGeneName,,,,
LEG1_MOUSE,P16045,LEG1_MOUSE,Lgals1,,,,
ENPL_MOUSE,P08113,ENPL_MOUSE,Hsp90b1,,,,
HS90B_MOUSE,P11499,HS90B_MOUSE,Hsp90ab1,,,,
HS90A_MOUSE,P07901,HS90A_MOUSE,Hsp90aa1,,,,
HSP7C_MOUSE,P63017,HSP7C_MOUSE,Hspa8,,,,
ALDOA_MOUSE,P05064,ALDOA_MOUSE,Aldoa,,,,
TBA1C_MOUSE,P68373,TBA1C_MOUSE,Tuba1c,,,,
IF4A1_MOUSE,P60843,IF4A1_MOUSE,Eif4a1,,,,
ENOA_MOUSE,P17182,ENOA_MOUSE,Eno1,,,,
1433Z_MOUSE,P63101,1433Z_MOUSE,Ywhaz,,,,
DJB11_MOUSE,Q99KV1,DJB11_MOUSE,Dnajb11,,,,
1433E_MOUSE,P62259,1433E_MOUSE,Ywhae,,,,
PDLI1_MOUSE,O70400,PDLI1_MOUSE,Pdlim1,,,,
CALU_MOUSE,O35887,CALU_MOUSE,Calu,,,,
COF1_MOUSE,P18760,COF1_MOUSE,Cfl1,,,,
PDIA1_MOUSE,P09103,PDIA1_MOUSE,P4hb,,,,
SERPH_MOUSE,P19324,SERPH_MOUSE,Serpinh1,,,,
GDIR1_MOUSE,Q99PT1,GDIR1_MOUSE,Arhgdia,,,,
DEST_MOUSE,Q9R0P5,DEST_MOUSE,Dstn,,,,
PGK1_MOUSE,P09411,PGK1_MOUSE,Pgk1,,,,
TLN1_MOUSE,P26039,TLN1_MOUSE,Tln1,,,,
UGGG1_MOUSE,Q6P5E4,UGGG1_MOUSE,Uggt1,,,,
PDIA3_MOUSE,P27773,PDIA3_MOUSE,Pdia3,,,,
TERA_MOUSE,Q01853,TERA_MOUSE,Vcp,,,,
HYOU1_MOUSE,Q9JKR6,HYOU1_MOUSE,Hyou1,,,,
DYHC1_MOUSE,Q9JHU4,DYHC1_MOUSE,Dync1h1,,,,
MYH9_MOUSE,Q8VDD5,MYH9_MOUSE,Myh9,,,,
GANAB_MOUSE,Q8BHN3,GANAB_MOUSE,Ganab,,,,
TGM2_MOUSE,P21981,TGM2_MOUSE,Tgm2,,,,
CEAM5_MOUSE,Q3UKK2,CEAM5_MOUSE,Ceacam5,,,,
TCPB_MOUSE,P80314,TCPB_MOUSE,Cct2,,,,
ERO1A_MOUSE,Q8R180,ERO1A_MOUSE,Ero1a,,,,
TCPG_MOUSE,P80318,TCPG_MOUSE,Cct3,,,,
ATX10_MOUSE,P28658,ATX10_MOUSE,Atxn10,,,,
USO1_MOUSE,Q9Z1Z0,USO1_MOUSE,Uso1,,,,
TCPA_MOUSE,P11983,TCPA_MOUSE,Tcp1,,,,
DNJC3_MOUSE,Q91YW3,DNJC3_MOUSE,Dnajc3,,,,
CALX_MOUSE,P35564,CALX_MOUSE,Canx,,,,
ANXA2_MOUSE,P07356,ANXA2_MOUSE,Anxa2,,,,
ADA_MOUSE,P03958,ADA_MOUSE,Ada,,,,
ERP44_MOUSE,Q9D1Q6,ERP44_MOUSE,Erp44,,,,
PLSL_MOUSE,Q61233,PLSL_MOUSE,Lcp1,,,,
UBA1_MOUSE,Q02053,UBA1_MOUSE,Uba1,,,,
EF1G_MOUSE,Q9D8N0,EF1G_MOUSE,Eef1g,,,,
TCPH_MOUSE,P80313,TCPH_MOUSE,Cct7,,,,
P4HA1_MOUSE,Q60715,P4HA1_MOUSE,P4ha1,,,,
ERP29_MOUSE,P57759,ERP29_MOUSE,Erp29,,,,
VINC_MOUSE,Q64727,VINC_MOUSE,Vcl,,,,
TCPZ_MOUSE,P80317,TCPZ_MOUSE,Cct6a,,,,
PPIB_MOUSE,P24369,PPIB_MOUSE,Ppib,,,,
EZRI_MOUSE,P26040,EZRI_MOUSE,Ezr,,,,
CAH2_MOUSE,P00920,CAH2_MOUSE,Ca2,,,,
SYAC_MOUSE,Q8BGQ7,SYAC_MOUSE,Aars1,,,,
PSMD2_MOUSE,Q8VDM4,PSMD2_MOUSE,Psmd2,,,,
GDIB_MOUSE,Q61598,GDIB_MOUSE,Gdi2,,,,
ARP3_MOUSE,Q99JY9,ARP3_MOUSE,Actr3,,,,
TAGL2_MOUSE,Q9WVA4,TAGL2_MOUSE,Tagln2,,,,
PDIA5_MOUSE,Q921X9,PDIA5_MOUSE,Pdia5,,,,
HBAZ_MOUSE,P06467,HBAZ_MOUSE,Hbz,,,,
EIF3E_MOUSE,P60229,EIF3E_MOUSE,Eif3e,,,,
PSMD1_MOUSE,Q3TXS7,PSMD1_MOUSE,Psmd1,,,,
PGAM1_MOUSE,Q9DBJ1,PGAM1_MOUSE,Pgam1,,,,
NDKA_MOUSE,P15532,NDKA_MOUSE,Nme1,,,,
HEM2_MOUSE,P10518,HEM2_MOUSE,Alad,,,,
MDHC_MOUSE,P14152,MDHC_MOUSE,Mdh1,,,,
CAN1_MOUSE,O35350,CAN1_MOUSE,Capn1,,,,
DPP3_MOUSE,Q99KK7,DPP3_MOUSE,Dpp3,,,,
PGM1_MOUSE,Q9D0F9,PGM1_MOUSE,Pgm1,,,,
RS3_MOUSE,P62908,RS3_MOUSE,Rps3,,,,
LMAN2_MOUSE,Q9DBH5,LMAN2_MOUSE,Lman2,,,,
CNDP2_MOUSE,Q9D1A2,CNDP2_MOUSE,Cndp2,,,,
CLIC4_MOUSE,Q9QYB1,CLIC4_MOUSE,Clic4,,,,
RS8_MOUSE,P62242,RS8_MOUSE,Rps8,,,,
IF2G_MOUSE,Q9Z0N1,IF2G_MOUSE,Eif2s3x,,,,
PR7A2_MOUSE,O54831,PR7A2_MOUSE,Prl7a2,,,,
CDC42_MOUSE,P60766,CDC42_MOUSE,Cdc42,,,,
TPIS_MOUSE,P17751,TPIS_MOUSE,Tpi1,,,,
PSMD6_MOUSE,Q99JI4,PSMD6_MOUSE,Psmd6,,,,
EIF3B_MOUSE,Q8JZQ9,EIF3B_MOUSE,Eif3b,,,,
SYCC_MOUSE,Q9ER72,SYCC_MOUSE,Cars1,,,,
TPP2_MOUSE,Q64514,TPP2_MOUSE,Tpp2,,,,
PUR9_MOUSE,Q9CWJ9,PUR9_MOUSE,Atic,,,,
2AAA_MOUSE,Q76MZ3,2AAA_MOUSE,Ppp2r1a,,,,
PSMD3_MOUSE,P14685,PSMD3_MOUSE,Psmd3,,,,
SYDC_MOUSE,Q922B2,SYDC_MOUSE,Dars1,,,,
EIF3L_MOUSE,Q8QZY1,EIF3L_MOUSE,Eif3l,,,,
6PGD_MOUSE,Q9DCD0,6PGD_MOUSE,Pgd,,,,
GALK1_MOUSE,Q9R0N0,GALK1_MOUSE,Galk1,,,,
LIS1_MOUSE,P63005,LIS1_MOUSE,Pafah1b1,,,,
DDB1_MOUSE,Q3U1J4,DDB1_MOUSE,Ddb1,,,,
FAS_MOUSE,P19096,FAS_MOUSE,Fasn,,,,
KINH_MOUSE,Q61768,KINH_MOUSE,Kif5b,,,,
GARS_MOUSE,Q9CZD3,GARS_MOUSE,Gars1,,,,
PSME2_MOUSE,P97372,PSME2_MOUSE,Psme2,,,,
ALBU_MOUSE,P07724,ALBU_MOUSE,Alb,,,,
MTPN_MOUSE,P62774,MTPN_MOUSE,Mtpn,,,,
CYTB_MOUSE,Q62426,CYTB_MOUSE,Cstb,,,,
CH10_MOUSE,Q64433,CH10_MOUSE,Hspe1,,,,
FKBP2_MOUSE,P45878,FKBP2_MOUSE,Fkbp2,,,,
MIF_MOUSE,P34884,MIF_MOUSE,Mif,,,,
RS20_MOUSE,P60867,RS20_MOUSE,Rps20,,,,
SDF2L_MOUSE,Q9ESP1,SDF2L_MOUSE,Sdf2l1,,,,
EF1B_MOUSE,O70251,EF1B_MOUSE,Eef1b,,,,
AL9A1_MOUSE,Q9JLJ2,AL9A1_MOUSE,Aldh9a1,,,,
ARP2_MOUSE,P61161,ARP2_MOUSE,Actr2,,,,
FBLN7_MOUSE,Q501P1,FBLN7_MOUSE,Fbln7,,,,
PSB4_MOUSE,P99026,PSB4_MOUSE,Psmb4,,,,
GALE_MOUSE,Q8R059,GALE_MOUSE,Gale,,,,
PSA7_MOUSE,Q9Z2U0,PSA7_MOUSE,Psma7,,,,
PSA5_MOUSE,Q9Z2U1,PSA5_MOUSE,Psma5,,,,
RS3A_MOUSE,P97351,RS3A_MOUSE,Rps3a,,,,
PSA1_MOUSE,Q9R1P4,PSA1_MOUSE,Psma1,,,,
PABP1_MOUSE,P29341,PABP1_MOUSE,Pabpc1,,,,
SIAS_MOUSE,Q99J77,SIAS_MOUSE,Nans,,,,
PSA4_MOUSE,Q9R1P0,PSA4_MOUSE,Psma4,,,,
PR3B1_MOUSE,P09586,PR3B1_MOUSE,Prl3b1,,,,
RS7_MOUSE,P62082,RS7_MOUSE,Rps7,,,,
AIMP1_MOUSE,P31230,AIMP1_MOUSE,Aimp1,,,,
GSTP1_MOUSE,P19157,GSTP1_MOUSE,Gstp1,,,,
RAP1B_MOUSE,Q99JI6,RAP1B_MOUSE,Rap1b,,,,
OSTF1_MOUSE,Q62422,OSTF1_MOUSE,Ostf1,,,,
RD23B_MOUSE,P54728,RD23B_MOUSE,Rad23b,,,,
UB2L3_MOUSE,P68037,UB2L3_MOUSE,Ube2l3,,,,
SC23B_MOUSE,Q9D662,SC23B_MOUSE,Sec23b,,,,
VATA_MOUSE,P50516,VATA_MOUSE,Atp6v1a,,,,
OLA1_MOUSE,Q9CZ30,OLA1_MOUSE,Ola1,,,,
PSA2_MOUSE,P49722,PSA2_MOUSE,Psma2,,,,
AHSA1_MOUSE,Q8BK64,AHSA1_MOUSE,Ahsa1,,,,
RS9_MOUSE,Q6ZWN5,RS9_MOUSE,Rps9,,,,
PSB3_MOUSE,Q9R1P1,PSB3_MOUSE,Psmb3,,,,
CREG1_MOUSE,O88668,CREG1_MOUSE,Creg1,,,,
SNAA_MOUSE,Q9DB05,SNAA_MOUSE,Napa,,,,
FKBP4_MOUSE,P30416,FKBP4_MOUSE,Fkbp4,,,,
RL8_MOUSE,P62918,RL8_MOUSE,Rpl8,,,,
FA49B_MOUSE,Q921M7,FA49B_MOUSE,Fam49b,,,,
PPIC_MOUSE,P30412,PPIC_MOUSE,Ppic,,,,
DOPD_MOUSE,O35215,DOPD_MOUSE,Ddt,,,,
SGT1_MOUSE,Q9CX34,SGT1_MOUSE,Sugt1,,,,
VPS35_MOUSE,Q9EQH3,VPS35_MOUSE,Vps35,,,,
HBB2_MOUSE,P02089,HBB2_MOUSE,Hbb-b2,,,,
ATOX1_MOUSE,O08997,ATOX1_MOUSE,Atox1,,,,
BASP1_MOUSE,Q91XV3,BASP1_MOUSE,Basp1,,,,
FKB1A_MOUSE,P26883,FKB1A_MOUSE,Fkbp1a,,,,
S10AA_MOUSE,P08207,S10AA_MOUSE,S100a10,,,,
HBB1_MOUSE,P02088,HBB1_MOUSE,Hbb-b1,,,,
S10A6_MOUSE,P14069,S10A6_MOUSE,S100a6,,,,
CALR_MOUSE,P14211,CALR_MOUSE,Calr,,,,
FLNB_MOUSE,Q80X90,FLNB_MOUSE,Flnb,,,,
TBB5_MOUSE,P99024,TBB5_MOUSE,Tubb5,,,,
IQGA1_MOUSE,Q9JKF1,IQGA1_MOUSE,Iqgap1,,,,
CAND1_MOUSE,Q6ZQ38,CAND1_MOUSE,Cand1,,,,
SYEP_MOUSE,Q8CGC7,SYEP_MOUSE,Eprs1,,,,
TCPQ_MOUSE,P42932,TCPQ_MOUSE,Cct8,,,,
PFKAP_MOUSE,Q9WUA3,PFKAP_MOUSE,Pfkp,,,,
CH60_MOUSE,P63038,CH60_MOUSE,Hspd1,,,,
FERM2_MOUSE,Q8CIB5,FERM2_MOUSE,Fermt2,,,,
ITB3_MOUSE,O54890,ITB3_MOUSE,Itgb3,,,,
MK01_MOUSE,P63085,MK01_MOUSE,Mapk1,,,,
APT_MOUSE,P08030,APT_MOUSE,Aprt,,,,
RSSA_MOUSE,P14206,RSSA_MOUSE,Rpsa,,,,
PRDX1_MOUSE,P35700,PRDX1_MOUSE,Prdx1,,,,
PPCE_MOUSE,Q9QUR6,PPCE_MOUSE,Prep,,,,
COPB2_MOUSE,O55029,COPB2_MOUSE,Copb2,,,,
K2C8_MOUSE,P11679,K2C8_MOUSE,Krt8,,,,
RLA0_MOUSE,P14869,RLA0_MOUSE,Rplp0,,,,
EIF3M_MOUSE,Q99JX4,EIF3M_MOUSE,Eif3m,,,,
PEPD_MOUSE,Q11136,PEPD_MOUSE,Pepd,,,,
LRC59_MOUSE,Q922Q8,LRC59_MOUSE,Lrrc59,,,,
PGM2_MOUSE,Q7TSV4,PGM2_MOUSE,Pgm2,,,,
RL13_MOUSE,P47963,RL13_MOUSE,Rpl13,,,,
FABP5_MOUSE,Q05816,FABP5_MOUSE,Fabp5,,,,
RS16_MOUSE,P14131,RS16_MOUSE,Rps16,,,,
RS14_MOUSE,P62264,RS14_MOUSE,Rps14,,,,
RACK1_MOUSE,P68040,RACK1_MOUSE,Rack1,,,,
PSMD7_MOUSE,P26516,PSMD7_MOUSE,Psmd7,,,,
MDHM_MOUSE,P08249,MDHM_MOUSE,Mdh2,,,,
MAOX_MOUSE,P06801,MAOX_MOUSE,Me1,,,,
PRS4_MOUSE,P62192,PRS4_MOUSE,Psmc1,,,,
RL12_MOUSE,P35979,RL12_MOUSE,Rpl12,,,,
ILEUA_MOUSE,Q9D154,ILEUA_MOUSE,Serpinb1a,,,,
NEDD4_MOUSE,P46935,NEDD4_MOUSE,Nedd4,,,,
SEC13_MOUSE,Q9D1M0,SEC13_MOUSE,Sec13,,,,
AATM_MOUSE,P05202,AATM_MOUSE,Got2,,,,
PSB5_MOUSE,O55234,PSB5_MOUSE,Psmb5,,,,
CSN3_MOUSE,O88543,CSN3_MOUSE,Cops3,,,,
PEA15_MOUSE,Q62048,PEA15_MOUSE,Pea15,,,,
PR2B1_MOUSE,Q9DAZ2,PR2B1_MOUSE,Prl2b1,,,,
K22E_MOUSE,Q3TTY5,K22E_MOUSE,Krt2,,,,
ODPAT_MOUSE,P35487,ODPAT_MOUSE,Pdha2,,,,
TBA1A_MOUSE,P68369,TBA1A_MOUSE,Tuba1a,,,,
ACBP_MOUSE,P31786,ACBP_MOUSE,Dbi,,,,
K22O_MOUSE,Q3UV17,K22O_MOUSE,Krt76,,,,
HSP74_MOUSE,Q61316,HSP74_MOUSE,Hspa4,,,,
1433B_MOUSE,Q9CQV8,1433B_MOUSE,Ywhab,,,,
IF5A1_MOUSE,P63242,IF5A1_MOUSE,Eif5a,,,,
MANF_MOUSE,Q9CXI5,MANF_MOUSE,Manf,,,,
EI3JB_MOUSE,Q66JS6,EI3JB_MOUSE,Eif3j2,,,,
GRP78_MOUSE,P20029,BIP_MOUSE,Hspa5,,,,
GFPT1_MOUSE,P47856,GFPT1_MOUSE,Gfpt1,,,,
LDHA_MOUSE,P06151,LDHA_MOUSE,Ldha,,,,
G3P_MOUSE,P16858,G3P_MOUSE,Gapdh,,,,
ANXA5_MOUSE,P48036,ANXA5_MOUSE,Anxa5,,,,
NCPR_MOUSE,P37040,NCPR_MOUSE,Por,,,,
PEG10_MOUSE,Q7TN75,PEG10_MOUSE,Peg10,,,,
UBE2O_MOUSE,Q6ZPJ3,UBE2O_MOUSE,Ube2o,,,,
USP9X_MOUSE,P70398,USP9X_MOUSE,Usp9x,,,,
ATPA_MOUSE,Q03265,ATPA_MOUSE,Atp5f1a,,,,
CLH1_MOUSE,Q68FD5,CLH1_MOUSE,Cltc,,,,
COPA_MOUSE,Q8CIE6,COPA_MOUSE,Copa,,,,
NDKB_MOUSE,Q01768,NDKB_MOUSE,Nme2,,,,
P4HA2_MOUSE,Q60716,P4HA2_MOUSE,P4ha2,,,,
NB5R3_MOUSE,Q9DCN2,NB5R3_MOUSE,Cyb5r3,,,,
SC31A_MOUSE,Q3UPL0,SC31A_MOUSE,Sec31a,,,,
PSD12_MOUSE,Q9D8W5,PSD12_MOUSE,Psmd12,,,,
VIGLN_MOUSE,Q8VDJ3,VIGLN_MOUSE,Hdlbp,,,,
GLU2B_MOUSE,O08795,GLU2B_MOUSE,Prkcsh,,,,
ANX11_MOUSE,P97384,ANX11_MOUSE,Anxa11,,,,
EIF3A_MOUSE,P23116,EIF3A_MOUSE,Eif3a,,,,
IMA4_MOUSE,O35344,IMA4_MOUSE,Kpna3,,,,
DNPEP_MOUSE,Q9Z2W0,DNPEP_MOUSE,Dnpep,,,,
NUB1_MOUSE,P54729,NUB1_MOUSE,Nub1,,,,
RAB1A_MOUSE,P62821,RAB1A_MOUSE,Rab1A,,,,
DDX3X_MOUSE,Q62167,DDX3X_MOUSE,Ddx3x,,,,
PRS6A_MOUSE,O88685,PRS6A_MOUSE,Psmc3,,,,
ARF4_MOUSE,P61750,ARF4_MOUSE,Arf4,,,,
DYN2_MOUSE,P39054,DYN2_MOUSE,Dnm2,,,,
RL4_MOUSE,Q9D8E6,RL4_MOUSE,Rpl4,,,,
SYK_MOUSE,Q99MN1,SYK_MOUSE,Kars1,,,,
SORCN_MOUSE,Q6P069,SORCN_MOUSE,Sri,,,,
SEPT2_MOUSE,P42208,SEPT2_MOUSE,Septin2,,,,
GNAI3_MOUSE,Q9DC51,GNAI3_MOUSE,Gnai3,,,,
MYL6_MOUSE,Q60605,MYL6_MOUSE,Myl6,,,,
CPNS1_MOUSE,O88456,CPNS1_MOUSE,Capns1,,,,
AT1A1_MOUSE,Q8VDN2,AT1A1_MOUSE,Atp1a1,,,,
RL6_MOUSE,P47911,RL6_MOUSE,Rpl6,,,,
GTR1_MOUSE,P17809,GTR1_MOUSE,Slc2a1,,,,
K2C1B_MOUSE,Q6IFZ6,K2C1B_MOUSE,Krt77,,,,
PYR1_MOUSE,B2RQC6,PYR1_MOUSE,Cad,,,,
CDC37_MOUSE,Q61081,CDC37_MOUSE,Cdc37,,,,
IF2B1_MOUSE,O88477,IF2B1_MOUSE,Igf2bp1,,,,
COPZ1_MOUSE,P61924,COPZ1_MOUSE,Copz1,,,,
PLAK_MOUSE,Q02257,PLAK_MOUSE,Jup,,,,
RL3_MOUSE,P27659,RL3_MOUSE,Rpl3,,,,
CATM_MOUSE,Q9JL96,CATM_MOUSE,Ctsm,,,,
RL23_MOUSE,P62830,RL23_MOUSE,Rpl23,,,,
H2B1H_MOUSE,Q64478,H2B1H_MOUSE,Hist1h2bh,,,,
RBX1_MOUSE,P62878,RBX1_MOUSE,Rbx1,,,,
RL27_MOUSE,P61358,RL27_MOUSE,Rpl27,,,,
RL18A_MOUSE,P62717,RL18A_MOUSE,Rpl18a,,,,
RS23_MOUSE,P62267,RS23_MOUSE,Rps23,,,,
RL17_MOUSE,Q9CPR4,RL17_MOUSE,Rpl17,,,,
TXNL1_MOUSE,Q8CDN6,TXNL1_MOUSE,Txnl1,,,,
FOXO4_MOUSE,Q9WVH3,FOXO4_MOUSE,Foxo4,,,,
H2AX_MOUSE,P27661,H2AX_MOUSE,H2ax,,,,
ANXA7_MOUSE,Q07076,ANXA7_MOUSE,Anxa7,,,,
PSDE_MOUSE,O35593,PSDE_MOUSE,Psmd14,,,,
UBA6_MOUSE,Q8C7R4,UBA6_MOUSE,Uba6,,,,
RS2_MOUSE,P25444,RS2_MOUSE,Rps2,,,,
ANXA6_MOUSE,P14824,ANXA6_MOUSE,Anxa6,,,,
RAB1B_MOUSE,Q9D1G1,RAB1B_MOUSE,Rab1b,,,,
GBB2_MOUSE,P62880,GBB2_MOUSE,Gnb2,,,,
SEPT7_MOUSE,O55131,SEPT7_MOUSE,Septin7,,,,
AMRP_MOUSE,P55302,AMRP_MOUSE,Lrpap1,,,,
LAMC1_MOUSE,P02468,LAMC1_MOUSE,Lamc1,,,,
UPP1_MOUSE,P52624,UPP1_MOUSE,Upp1,,,,
AK1A1_MOUSE,Q9JII6,AK1A1_MOUSE,Akr1a1,,,,
TMED2_MOUSE,Q9R0Q3,TMED2_MOUSE,Tmed2,,,,
RS17_MOUSE,P63276,RS17_MOUSE,Rps17,,,,
OTUB1_MOUSE,Q7TQI3,OTUB1_MOUSE,Otub1,,,,
ARPC3_MOUSE,Q9JM76,ARPC3_MOUSE,Arpc3,,,,
NDRG1_MOUSE,Q62433,NDRG1_MOUSE,Ndrg1,,,,
CNPY2_MOUSE,Q9QXT0,CNPY2_MOUSE,Cnpy2,,,,
DIAP1_MOUSE,O08808,DIAP1_MOUSE,Diaph1,,,,
NCEH1_MOUSE,Q8BLF1,NCEH1_MOUSE,Nceh1,,,,
ML12B_MOUSE,Q3THE2,ML12B_MOUSE,Myl12b,,,,
EIF3K_MOUSE,Q9DBZ5,EIF3K_MOUSE,Eif3k,,,,
ARPC5_MOUSE,Q9CPW4,ARPC5_MOUSE,Arpc5,,,,
DNJA1_MOUSE,P63037,DNJA1_MOUSE,Dnaja1,,,,
VDAC2_MOUSE,Q60930,VDAC2_MOUSE,Vdac2,,,,
SPB6_MOUSE,Q60854,SPB6_MOUSE,Serpinb6,,,,
RL18_MOUSE,P35980,RL18_MOUSE,Rpl18,,,,
PDXD1_MOUSE,Q99K01,PDXD1_MOUSE,Pdxdc1,,,,
AL7A1_MOUSE,Q9DBF1,AL7A1_MOUSE,Aldh7a1,,,,
HNRPK_MOUSE,P61979,HNRPK_MOUSE,Hnrnpk,,,,
SPEE_MOUSE,Q64674,SPEE_MOUSE,Srm,,,,
PP2AA_MOUSE,P63330,PP2AA_MOUSE,Ppp2ca,,,,
SPCS1_MOUSE,Q9D958,SPCS1_MOUSE,Spcs1,,,,
K2C72_MOUSE,Q6IME9,K2C72_MOUSE,Krt72,,,,
RER1_MOUSE,Q9CQU3,RER1_MOUSE,Rer1,,,,
FBXW8_MOUSE,Q8BIA4,FBXW8_MOUSE,Fbxw8,,,,
ACTBL_MOUSE,Q8BFZ3,ACTBL_MOUSE,Actbl2,,,,
TNPO1_MOUSE,Q8BFY9,TNPO1_MOUSE,Tnpo1,,,,
RS27A_MOUSE,P62983,RS27A_MOUSE,Rps27a,,,,
TRY2_MOUSE,P07146,TRY2_MOUSE,Prss2,,,,
EF1A1_MOUSE,P10126,EF1A1_MOUSE,Eef1a1,,,,
THIO_MOUSE,P10639,THIO_MOUSE,Txn,,,,
ATPB_MOUSE,P56480,ATPB_MOUSE,Atp5f1b,,,,
TYB10_MOUSE,Q6ZWY8,TYB10_MOUSE,Tmsb10,,,,
HBE_MOUSE,P02104,HBE_MOUSE,Hbb-y,,,,
PPIA_MOUSE,P17742,PPIA_MOUSE,Ppia,,,,
H4_MOUSE,P62806,H4_MOUSE,Hist1h4a,,,,
EF2_MOUSE,P58252,EF2_MOUSE,Eef2,,,,
CAP1_MOUSE,P40124,CAP1_MOUSE,Cap1,,,,
LG3BP_MOUSE,Q07797,LG3BP_MOUSE,Lgals3bp,,,,
CREL2_MOUSE,Q9CYA0,CREL2_MOUSE,Creld2,,,,
PROF1_MOUSE,P62962,PROF1_MOUSE,Pfn1,,,,
LASP1_MOUSE,Q61792,LASP1_MOUSE,Lasp1,,,,
KPYM_MOUSE,P52480,KPYM_MOUSE,Pkm,,,,
GELS_MOUSE,P13020,GELS_MOUSE,Gsn,,,,
ACTC_MOUSE,P68033,ACTC_MOUSE,Actc1,,,,
IMB1_MOUSE,P70168,IMB1_MOUSE,Kpnb1,,,,
TCPD_MOUSE,P80315,TCPD_MOUSE,Cct4,,,,
RINI_MOUSE,Q91VI7,RINI_MOUSE,Rnh1,,,,
UGPA_MOUSE,Q91ZJ5,UGPA_MOUSE,Ugp2,,,,
ITAV_MOUSE,P43406,ITAV_MOUSE,Itgav,,,,
TCPE_MOUSE,P80316,TCPE_MOUSE,Cct5,,,,
XPO2_MOUSE,Q9ERK4,XPO2_MOUSE,Cse1l,,,,
WDR1_MOUSE,O88342,WDR1_MOUSE,Wdr1,,,,
GLCNE_MOUSE,Q91WG8,GLCNE_MOUSE,Gne,,,,
COPG1_MOUSE,Q9QZE5,COPG1_MOUSE,Copg1,,,,
STIP1_MOUSE,Q60864,STIP1_MOUSE,Stip1,,,,
PDC6I_MOUSE,Q9WU78,PDC6I_MOUSE,Pdcd6ip,,,,
1433G_MOUSE,P61982,1433G_MOUSE,Ywhag,,,,
RPN2_MOUSE,Q9DBG6,RPN2_MOUSE,Rpn2,,,,
GMPPB_MOUSE,Q8BTZ7,GMPPB_MOUSE,Gmppb,,,,
FSCN1_MOUSE,Q61553,FSCN1_MOUSE,Fscn1,,,,
ACTN4_MOUSE,P57780,ACTN4_MOUSE,Actn4,,,,
RADI_MOUSE,P26043,RADI_MOUSE,Rdx,,,,
ARF1_MOUSE,P84078,ARF1_MOUSE,Arf1,,,,
ARHG6_MOUSE,Q8K4I3,ARHG6_MOUSE,Arhgef6,,,,
SND1_MOUSE,Q78PY7,SND1_MOUSE,Snd1,,,,
K1C18_MOUSE,P05784,K1C18_MOUSE,Krt18,,,,
LDHB_MOUSE,P16125,LDHB_MOUSE,Ldhb,,,,
SYRC_MOUSE,Q9D0I9,SYRC_MOUSE,Rars1,,,,
SYNC_MOUSE,Q8BP47,SYNC_MOUSE,NARS1,,,,
PCBP1_MOUSE,P60335,PCBP1_MOUSE,Pcbp1,,,,
CAPZB_MOUSE,P47757,CAPZB_MOUSE,Capzb,,,,
PSD13_MOUSE,Q9WVJ2,PSD13_MOUSE,Psmd13,,,,
UBR4_MOUSE,A2AN08,UBR4_MOUSE,Ubr4,,,,
SYIC_MOUSE,Q8BU30,SYIC_MOUSE,Iars1,,,,
ARPC2_MOUSE,Q9CVB6,ARPC2_MOUSE,Arpc2,,,,
EIF3C_MOUSE,Q8R1B4,EIF3C_MOUSE,Eif3c,,,,
TKT_MOUSE,P40142,TKT_MOUSE,Tkt,,,,
IF2A_MOUSE,Q6ZWX6,IF2A_MOUSE,Eif2s1,,,,
PSA6_MOUSE,Q9QUM9,PSA6_MOUSE,Psma6,,,,
COPB_MOUSE,Q9JIF7,COPB_MOUSE,Copb1,,,,
RS15A_MOUSE,P62245,RS15A_MOUSE,Rps15a,,,,
DAPK2_MOUSE,Q8VDF3,DAPK2_MOUSE,Dapk2,,,,
UBP5_MOUSE,P56399,UBP5_MOUSE,Usp5,,,,
FBN1_MOUSE,Q61554,FBN1_MOUSE,Fbn1,,,,
PRDX4_MOUSE,O08807,PRDX4_MOUSE,Prdx4,,,,
IPO5_MOUSE,Q8BKC5,IPO5_MOUSE,Ipo5,,,,
TPM4_MOUSE,Q6IRU2,TPM4_MOUSE,Tpm4,,,,
NACAM_MOUSE,P70670,NACAM_MOUSE,Naca,,,,
RL15_MOUSE,Q9CZM2,RL15_MOUSE,Rpl15,,,,
PSA3_MOUSE,O70435,PSA3_MOUSE,Psma3,,,,
XPO1_MOUSE,Q6P5F9,XPO1_MOUSE,Xpo1,,,,
ARPC4_MOUSE,P59999,ARPC4_MOUSE,Arpc4,,,,
PA2G4_MOUSE,P50580,PA2G4_MOUSE,Pa2g4,,,,
XDH_MOUSE,Q00519,XDH_MOUSE,Xdh,,,,
K1C13_MOUSE,P08730,K1C13_MOUSE,Krt13,,,,
TEBP_MOUSE,Q9R0Q7,TEBP_MOUSE,Ptges3,,,,
PRDX5_MOUSE,P99029,PRDX5_MOUSE,Prdx5,,,,
S10AB_MOUSE,P50543,S10AB_MOUSE,S100a11,,,,
RAN_MOUSE,P62827,RAN_MOUSE,Ran,,,,
TMED9_MOUSE,Q99KF1,TMED9_MOUSE,Tmed9,,,,
EIF3G_MOUSE,Q9Z1D1,EIF3G_MOUSE,Eif3g,,,,
SODC_MOUSE,P08228,SODC_MOUSE,Sod1,,,,
CSRP1_MOUSE,P97315,CSRP1_MOUSE,Csrp1,,,,
RL30_MOUSE,P62889,RL30_MOUSE,Rpl30,,,,
RL23A_MOUSE,P62751,RL23A_MOUSE,Rpl23a,,,,
RS25_MOUSE,P62852,RS25_MOUSE,Rps25,,,,
RS19_MOUSE,Q9CZX8,RS19_MOUSE,Rps19,,,,
RLA2_MOUSE,P99027,RLA2_MOUSE,Rplp2,,,,
RS11_MOUSE,P62281,RS11_MOUSE,Rps11,,,,
NPC2_MOUSE,Q9Z0J0,NPC2_MOUSE,Npc2,,,,
TBB4B_MOUSE,P68372,TBB4B_MOUSE,Tubb4b,,,,
PRDX2_MOUSE,Q61171,PRDX2_MOUSE,Prdx2,,,,
G6PI_MOUSE,P06745,G6PI_MOUSE,Gpi,,,,
TXND5_MOUSE,Q91W90,TXND5_MOUSE,Txndc5,,,,
AATC_MOUSE,P05201,AATC_MOUSE,Got1,,,,
PRS6B_MOUSE,P54775,PRS6B_MOUSE,Psmc4,,,,
RS4X_MOUSE,P62702,RS4X_MOUSE,Rps4x,,,,
HBBZ_MOUSE,P04444,HBBZ_MOUSE,Hbb-bh1,,,,
PAK2_MOUSE,Q8CIN4,PAK2_MOUSE,Pak2,,,,
PSD11_MOUSE,Q8BG32,PSD11_MOUSE,Psmd11,,,,
EFHD2_MOUSE,Q9D8Y0,EFHD2_MOUSE,Efhd2,,,,
GPX1_MOUSE,P11352,GPX1_MOUSE,Gpx1,,,,
GDIA_MOUSE,P50396,GDIA_MOUSE,Gdi1,,,,
PRS8_MOUSE,P62196,PRS8_MOUSE,Psmc5,,,,
ADHX_MOUSE,P28474,ADHX_MOUSE,Adh5,,,,
EIF3F_MOUSE,Q9DCH4,EIF3F_MOUSE,Eif3f,,,,
DNJB1_MOUSE,Q9QYJ3,DNJB1_MOUSE,Dnajb1,,,,
PSB1_MOUSE,O09061,PSB1_MOUSE,Psmb1,,,,
TCTP_MOUSE,P63028,TCTP_MOUSE,Tpt1,,,,
PSMD4_MOUSE,O35226,PSMD4_MOUSE,Psmd4,,,,
E41L1_MOUSE,Q9Z2H5,E41L1_MOUSE,Epb41l1,,,,
CATB_MOUSE,P10605,CATB_MOUSE,Ctsb,,,,
SYWC_MOUSE,P32921,SYWC_MOUSE,Wars1,,,,
NSF1C_MOUSE,Q9CZ44,NSF1C_MOUSE,Nsfl1c,,,,
1433F_MOUSE,P68510,1433F_MOUSE,Ywhah,,,,
RANG_MOUSE,P34022,RANG_MOUSE,Ranbp1,,,,
UBE2K_MOUSE,P61087,UBE2K_MOUSE,Ube2k,,,,
PSB2_MOUSE,Q9R1P3,PSB2_MOUSE,Psmb2,,,,
1433S_MOUSE,O70456,1433S_MOUSE,Sfn,,,,
SYHC_MOUSE,Q61035,HARS1_MOUSE,Hars1,,,,
C1QT1_MOUSE,Q9QXP7,C1QT1_MOUSE,C1qtnf1,,,,
FILA2_MOUSE,Q2VIS4,FILA2_MOUSE,Flg2,,,,
IDHC_MOUSE,O88844,IDHC_MOUSE,Idh1,,,,
ACTZ_MOUSE,P61164,ACTZ_MOUSE,Actr1a,,,,
FRIH_MOUSE,P09528,FRIH_MOUSE,Fth1,,,,
UBE2N_MOUSE,P61089,UBE2N_MOUSE,Ube2n,,,,
PSB6_MOUSE,Q60692,PSB6_MOUSE,Psmb6,,,,
NUDC_MOUSE,O35685,NUDC_MOUSE,Nudc,,,,
PSMD8_MOUSE,Q9CX56,PSMD8_MOUSE,Psmd8,,,,
ADT2_MOUSE,P51881,ADT2_MOUSE,Slc25a5,,,,
VAT1_MOUSE,Q62465,VAT1_MOUSE,Vat1,,,,
GNPI1_MOUSE,O88958,GNPI1_MOUSE,Gnpda1,,,,
MESD_MOUSE,Q9ERE7,MESD_MOUSE,Mesd,,,,
ZWINT_MOUSE,Q9CQU5,ZWINT_MOUSE,Zwint,,,,
KAP0_MOUSE,Q9DBC7,KAP0_MOUSE,Prkar1a,,,,
VTA1_MOUSE,Q9CR26,VTA1_MOUSE,Vta1,,,,
ASAP2_MOUSE,Q7SIG6,ASAP2_MOUSE,Asap2,,,,
ITB1_MOUSE,P09055,ITB1_MOUSE,Itgb1,,,,
IPYR_MOUSE,Q9D819,IPYR_MOUSE,Ppa1,,,,
UGDH_MOUSE,O70475,UGDH_MOUSE,Ugdh,,,,
ERF1_MOUSE,Q8BWY3,ERF1_MOUSE,Etf1,,,,
CISY_MOUSE,Q9CZU6,CISY_MOUSE,Cs,,,,
PP1A_MOUSE,P62137,PP1A_MOUSE,Ppp1ca,,,,
RL10_MOUSE,Q6ZWV3,RL10_MOUSE,Rpl10,,,,
CATD_MOUSE,P18242,CATD_MOUSE,Ctsd,,,,
DCTN2_MOUSE,Q99KJ8,DCTN2_MOUSE,Dctn2,,,,
MP2K1_MOUSE,P31938,MP2K1_MOUSE,Map2k1,,,,
RS18_MOUSE,P62270,RS18_MOUSE,Rps18,,,,
H12_MOUSE,P15864,H12_MOUSE,H1-2,,,,
MARE1_MOUSE,Q61166,MARE1_MOUSE,Mapre1,,,,
RAB7A_MOUSE,P51150,RAB7A_MOUSE,Rab7a,,,,
ECHA_MOUSE,Q8BMS1,ECHA_MOUSE,Hadha,,,,
VATB2_MOUSE,P62814,VATB2_MOUSE,Atp6v1b2,,,,
UCHL3_MOUSE,Q9JKB1,UCHL3_MOUSE,Uchl3,,,,
ACTN1_MOUSE,Q7TPR4,ACTN1_MOUSE,Actn1,,,,
CAZA2_MOUSE,P47754,CAZA2_MOUSE,Capza2,,,,
LYZ2_MOUSE,P08905,LYZ2_MOUSE,Lyz2,,,,
CRYAB_MOUSE,P23927,CRYAB_MOUSE,Cryab,,,,
PEBP1_MOUSE,P70296,PEBP1_MOUSE,Pebp1,,,,
CHSP1_MOUSE,Q9CR86,CHSP1_MOUSE,Carhsp1,,,,
JUPI2_MOUSE,Q6PGH2,JUPI2_MOUSE,Jpt2,,,,
K2C1_MOUSE,P04104,K2C1_MOUSE,Krt1,,,,
TBA1B_MOUSE,P05213,TBA1B_MOUSE,Tuba1b,,,,
K1C42_MOUSE,Q6IFX2,K1C42_MOUSE,Krt42,,,,
RL7A_MOUSE,P12970,RL7A_MOUSE,Rpl7a,,,,
ANXA4_MOUSE,P97429,ANXA4_MOUSE,Anxa4,,,,
CKAP4_MOUSE,Q8BMK4,CKAP4_MOUSE,Ckap4,,,,
PLIN3_MOUSE,Q9DBG5,PLIN3_MOUSE,Plin3,,,,
RHOA_MOUSE,Q9QUI0,RHOA_MOUSE,Rhoa,,,,
F10A1_MOUSE,Q99L47,F10A1_MOUSE,St13,,,,
LMAN1_MOUSE,Q9D0F3,LMAN1_MOUSE,Lman1,,,,
RL5_MOUSE,P47962,RL5_MOUSE,Rpl5,,,,
DC1I2_MOUSE,O88487,DC1I2_MOUSE,Dync1i2,,,,
MLEC_MOUSE,Q6ZQI3,MLEC_MOUSE,Mlec,,,,
SURF4_MOUSE,Q64310,SURF4_MOUSE,Surf4,,,,
RS12_MOUSE,P63323,RS12_MOUSE,Rps12,,,,
GRP75_MOUSE,P38647,GRP75_MOUSE,Hspa9,,,,
ARL1_MOUSE,P61211,ARL1_MOUSE,Arl1,,,,
ASSY_MOUSE,P16460,ASSY_MOUSE,Ass1,,,,
RS10_MOUSE,P63325,RS10_MOUSE,Rps10,,,,
RS24_MOUSE,P62849,RS24_MOUSE,Rps24,,,,
RL38_MOUSE,Q9JJI8,RL38_MOUSE,Rpl38,,,,
H2B1B_MOUSE,Q64475,H2B1B_MOUSE,Hist1h2bb,,,,
RLA1_MOUSE,P47955,RLA1_MOUSE,Rplp1,,,,
FRIL1_MOUSE,P29391,FRIL1_MOUSE,Ftl1,,,,
RS13_MOUSE,P62301,RS13_MOUSE,Rps13,,,,
ES8L2_MOUSE,Q99K30,ES8L2_MOUSE,Eps8l2,,,,
GLRX3_MOUSE,Q9CQM9,GLRX3_MOUSE,Glrx3,,,,
KCY_MOUSE,Q9DBP5,KCY_MOUSE,Cmpk1,,,,
UFM1_MOUSE,P61961,UFM1_MOUSE,Ufm1,,,,
IF5_MOUSE,P59325,IF5_MOUSE,Eif5,,,,
PSME1_MOUSE,P97371,PSME1_MOUSE,Psme1,,,,
DYL1_MOUSE,P63168,DYL1_MOUSE,Dynll1,,,,
HMGN5_MOUSE,Q9JL35,HMGN5_MOUSE,Hmgn5,,,,
IF2P_MOUSE,Q05D44,IF2P_MOUSE,Eif5b,,,,
PA1B3_MOUSE,Q61205,PA1B3_MOUSE,Pafah1b3,,,,
DESP_MOUSE,E9Q557,DESP_MOUSE,Dsp,,,,
RL35A_MOUSE,O55142,RL35A_MOUSE,Rpl35a,,,,
ACTG_MOUSE,P63260,ACTG_MOUSE,Actg1,,,,
ACTB_MOUSE,P60710,ACTB_MOUSE,Actb,,,,
K1C10_MOUSE,P02535,K1C10_MOUSE,Krt10,,,,
HBA_MOUSE,P01942,HBA_MOUSE,Hba,,,,
K2C5_MOUSE,Q922U2,K2C5_MOUSE,Krt5,,,,
RL11_MOUSE,Q9CXW4,RL11_MOUSE,Rpl11,,,,
PDIA6_MOUSE,Q922R8,PDIA6_MOUSE,Pdia6,,,,
LEG9_MOUSE,O08573,LEG9_MOUSE,Lgals9,,,,
IF4A2_MOUSE,P10630,IF4A2_MOUSE,Eif4a2,,,,
RRBP1_MOUSE,Q99PL5,RRBP1_MOUSE,Rrbp1,,,,
EI3JA_MOUSE,Q3UGC7,EI3JA_MOUSE,Eif3j1,,,,
RS27L_MOUSE,Q6ZWY3,RS27L_MOUSE,Rps27l,,,,
H13_MOUSE,P43277,H13_MOUSE,H1-3,,,,
CALM3_MOUSE,P0DP28,CALM3_MOUSE,Calm3,,,,
CALM2_MOUSE,P0DP27,CALM2_MOUSE,Calm2,,,,
CALM1_MOUSE,P0DP26,CALM1_MOUSE,Calm1,,,,
IF4G1_MOUSE,Q6NZJ6,IF4G1_MOUSE,Eif4g1,,,,
PDIA4_MOUSE,P08003,PDIA4_MOUSE,Pdia4,,,,
RPN1_MOUSE,Q91YQ5,RPN1_MOUSE,Rpn1,,,,
OST48_MOUSE,O54734,OST48_MOUSE,Ddost,,,,
1433T_MOUSE,P68254,1433T_MOUSE,Ywhaq,,,,
SYLC_MOUSE,Q8BMJ2,SYLC_MOUSE,Lars1,,,,
SYSC_MOUSE,P26638,SYSC_MOUSE,Sars1,,,,
MVP_MOUSE,Q9EQK5,MVP_MOUSE,Mvp,,,,
HS71A_MOUSE,Q61696,HS71A_MOUSE,Hspa1a,,,,
HS71B_MOUSE,P17879,HS71B_MOUSE,Hspa1b,,,,
SYQ_MOUSE,Q8BML9,SYQ_MOUSE,Qars1,,,,
CAPG_MOUSE,P24452,CAPG_MOUSE,Capg,,,,
AIMP2_MOUSE,Q8R010,AIMP2_MOUSE,Aimp2,,,,
EF1D_MOUSE,P57776,EF1D_MOUSE,Eef1d,,,,
AT2A2_MOUSE,O55143,AT2A2_MOUSE,Atp2a2,,,,
IF2B_MOUSE,Q99L45,IF2B_MOUSE,Eif2s2,,,,
RL9_MOUSE,P51410,RL9_MOUSE,Rpl9,,,,
HS105_MOUSE,Q61699,HS105_MOUSE,Hsph1,,,,
UBA5_MOUSE,Q8VE47,UBA5_MOUSE,Uba5,,,,
GNAI2_MOUSE,P08752,GNAI2_MOUSE,Gnai2,,,,
4F2_MOUSE,P10852,4F2_MOUSE,Slc3a2,,,,
PSG22_MOUSE,Q810J1,PSG22_MOUSE,Psg22,,,,
IPO9_MOUSE,Q91YE6,IPO9_MOUSE,Ipo9,,,,
BZW1_MOUSE,Q9CQC6,BZW1_MOUSE,Bzw1,,,,
RS6_MOUSE,P62754,RS6_MOUSE,Rps6,,,,
K1C14_MOUSE,Q61781,K1C14_MOUSE,Krt14,,,,
CAZA1_MOUSE,P47753,CAZA1_MOUSE,Capza1,,,,
ELP1_MOUSE,Q7TT37,ELP1_MOUSE,Elp1,,,,
SRPRB_MOUSE,P47758,SRPRB_MOUSE,Srprb,,,,
RS5_MOUSE,P97461,RS5_MOUSE,Rps5,,,,
TBC15_MOUSE,Q9CXF4,TBC15_MOUSE,Tbc1d15,,,,
SEPT9_MOUSE,Q80UG5,SEPT9_MOUSE,Septin9,,,,
RAC1_MOUSE,P63001,RAC1_MOUSE,Rac1,,,,
EIF3D_MOUSE,O70194,EIF3D_MOUSE,Eif3d,,,,
ADT1_MOUSE,P48962,ADT1_MOUSE,Slc25a4,,,,
MPCP_MOUSE,Q8VEM8,MPCP_MOUSE,Slc25a3,,,,
ELP3_MOUSE,Q9CZX0,ELP3_MOUSE,Elp3,,,,
SSRD_MOUSE,Q62186,SSRD_MOUSE,Ssr4,,,,
ABCF1_MOUSE,Q6P542,ABCF1_MOUSE,Abcf1,,,,
RAB2A_MOUSE,P53994,RAB2A_MOUSE,Rab2a,,,,
SYMC_MOUSE,Q68FL6,SYMC_MOUSE,Mars1,,,,
GIT2_MOUSE,Q9JLQ2,GIT2_MOUSE,Git2,,,,
E41L2_MOUSE,O70318,E41L2_MOUSE,Epb41l2,,,,
VGFR1_MOUSE,P35969,VGFR1_MOUSE,Flt1,,,,
MAGD1_MOUSE,Q9QYH6,MAGD1_MOUSE,Maged1,,,,
BAP31_MOUSE,Q61335,BAP31_MOUSE,Bcap31,,,,
OBSL1_MOUSE,D3YYU8,OBSL1_MOUSE,Obsl1,,,,
DEGS1_MOUSE,O09005,DEGS1_MOUSE,Degs1,,,,
PLAC8_MOUSE,Q9JI48,PLAC8_MOUSE,Plac8,,,,
PR2C5_MOUSE,Q9JLV9,PR2C5_MOUSE,Prl2c5,,,,
WNK1_MOUSE,P83741,WNK1_MOUSE,Wnk1,,,,
RL19_MOUSE,P84099,RL19_MOUSE,Rpl19,,,,
MORC3_MOUSE,F7BJB9,MORC3_MOUSE,Morc3,,,,
K2C73_MOUSE,Q6NXH9,K2C73_MOUSE,Krt73,,,,
K2C6A_MOUSE,P50446,K2C6A_MOUSE,Krt6a,,,,
LEG3_MOUSE,P16110,LEG3_MOUSE,Lgals3,,,,
PTMA_MOUSE,P26350,PTMA_MOUSE,Ptma,,,,
H2B1M_MOUSE,P10854,H2B1M_MOUSE,H2bc14,,,,
H2B1C_MOUSE,Q6ZWY9,H2B1C_MOUSE,Hist1h2bc,,,,
H2B2B_MOUSE,Q64525,H2B2B_MOUSE,Hist2h2bb,,,,
VDAC1_MOUSE,Q60932,VDAC1_MOUSE,Vdac1,,,,
PCBP2_MOUSE,Q61990,PCBP2_MOUSE,Pcbp2,,,,
THIKA_MOUSE,Q921H8,THIKA_MOUSE,Acaa1a,,,,
RL27A_MOUSE,P14115,RL27A_MOUSE,Rpl27a,,,,
RL14_MOUSE,Q9CR57,RL14_MOUSE,Rpl14,,,,
RL24_MOUSE,Q8BP67,RL24_MOUSE,Rpl24,,,,
TNR9_MOUSE,P20334,TNR9_MOUSE,Tnfrsf9,,,,
TSP_MOUSE,P13438,TSP_MOUSE,Tpbpa,,,,
H2B1P_MOUSE,Q8CGP2,H2B1P_MOUSE,Hist1h2bp,,,,
H2B1K_MOUSE,Q8CGP1,H2B1K_MOUSE,H2bc12,,,,
H2B1F_MOUSE,P10853,H2B1F_MOUSE,Hist1h2bf,,,,
H14_MOUSE,P43274,H14_MOUSE,H1-4,,,,
RL37A_MOUSE,P61514,RL37A_MOUSE,Rpl37a,,,,
RL31_MOUSE,P62900,RL31_MOUSE,Rpl31,,,,
RS30_MOUSE,P62862,RS30_MOUSE,Fau,,,,
RL26_MOUSE,P61255,RL26_MOUSE,Rpl26,,,,
K2C75_MOUSE,Q8BGZ7,K2C75_MOUSE,Krt75,,,,
B3AT_MOUSE,P04919,B3AT_MOUSE,Slc4a1,,,,
RHOC_MOUSE,Q62159,RHOC_MOUSE,Rhoc,,,,
NP1L4_MOUSE,Q78ZA7,NP1L4_MOUSE,Nap1l4,,,,
GBB1_MOUSE,P62874,GBB1_MOUSE,Gnb1,,,,
PRS7_MOUSE,P46471,PRS7_MOUSE,Psmc2,,,,
FLNA_MOUSE,Q8BTM8,FLNA_MOUSE,Flna,,,,
GBB4_MOUSE,P29387,GBB4_MOUSE,Gnb4,,,,
RHG01_MOUSE,Q5FWK3,RHG01_MOUSE,Arhgap1,,,,
ABCE1_MOUSE,P61222,ABCE1_MOUSE,Abce1,,,,
NUCB2_MOUSE,P81117,NUCB2_MOUSE,Nucb2,,,,
PNPH_MOUSE,P23492,PNPH_MOUSE,Pnp,,,,
VAPA_MOUSE,Q9WV55,VAPA_MOUSE,Vapa,,,,
NP1L1_MOUSE,P28656,NP1L1_MOUSE,Nap1l1,,,,
TMEDA_MOUSE,Q9D1D4,TMEDA_MOUSE,Tmed10,,,,
UBXN1_MOUSE,Q922Y1,UBXN1_MOUSE,Ubxn1,,,,
GNAS1_MOUSE,Q6R0H7,GNAS1_MOUSE,Gnas,,,,
AGM1_MOUSE,Q9CYR6,AGM1_MOUSE,Pgm3,,,,
OSBP1_MOUSE,Q3B7Z2,OSBP1_MOUSE,Osbp,,,,
RALB_MOUSE,Q9JIW9,RALB_MOUSE,Ralb,,,,
SEP11_MOUSE,Q8C1B7,SEP11_MOUSE,Septin11,,,,
ECM29_MOUSE,Q6PDI5,ECM29_MOUSE,Ecpas,,,,
SRP68_MOUSE,Q8BMA6,SRP68_MOUSE,Srp68,,,,
NACA_MOUSE,Q60817,NACA_MOUSE,Naca,,,,
RAC3_MOUSE,P60764,RAC3_MOUSE,Rac3,,,,
ARC1B_MOUSE,Q9WV32,ARC1B_MOUSE,Arpc1b,,,,
PRDX6_MOUSE,O08709,PRDX6_MOUSE,Prdx6,,,,
PRS10_MOUSE,P62334,PRS10_MOUSE,Psmc6,,,,
RL7_MOUSE,P14148,RL7_MOUSE,Rpl7,,,,
SC22B_MOUSE,O08547,SC22B_MOUSE,Sec22b,,,,
ESTD_MOUSE,Q9R0P3,ESTD_MOUSE,Esd,,,,
STT3A_MOUSE,P46978,STT3A_MOUSE,Stt3a,,,,
RL13A_MOUSE,P19253,RL13A_MOUSE,Rpl13a,,,,
SSRA_MOUSE,Q9CY50,SSRA_MOUSE,Ssr1,,,,
GMPPA_MOUSE,Q922H4,GMPPA_MOUSE,Gmppa,,,,
S61A1_MOUSE,P61620,S61A1_MOUSE,Sec61a1,,,,
FNTA_MOUSE,Q61239,FNTA_MOUSE,Fnta,,,,
PCBP3_MOUSE,P57722,PCBP3_MOUSE,Pcbp3,,,,
BIN2_MOUSE,D3Z6Q9,BIN2_MOUSE,Bin2,,,,
DAD1_MOUSE,P61804,DAD1_MOUSE,Dad1,,,,
MTAP_MOUSE,Q9CQ65,MTAP_MOUSE,Mtap,,,,
UBFD1_MOUSE,Q78JW9,UBFD1_MOUSE,Ubfd1,,,,
TKFC_MOUSE,Q8VC30,TKFC_MOUSE,Tkfc,,,,
ABRAL_MOUSE,Q4KML4,ABRAL_MOUSE,Abracl,,,,
LRRF1_MOUSE,Q3UZ39,LRRF1_MOUSE,Lrrfip1,,,,
ERF3A_MOUSE,Q8R050,ERF3A_MOUSE,Gspt1,,,,
RAB18_MOUSE,P35293,RAB18_MOUSE,Rab18,,,,
AP1B1_MOUSE,O35643,AP1B1_MOUSE,Ap1b1,,,,
XPP1_MOUSE,Q6P1B1,XPP1_MOUSE,Xpnpep1,,,,
UBP14_MOUSE,Q9JMA1,UBP14_MOUSE,Usp14,,,,
RL10A_MOUSE,P53026,RL10A_MOUSE,Rpl10a,,,,
PA1B2_MOUSE,Q61206,PA1B2_MOUSE,Pafah1b2,,,,
RCN2_MOUSE,Q8BP92,RCN2_MOUSE,Rcn2,,,,
CYB5_MOUSE,P56395,CYB5_MOUSE,Cyb5a,,,,
ELOC_MOUSE,P83940,ELOC_MOUSE,Eloc,,,,
ELP2_MOUSE,Q91WG4,ELP2_MOUSE,Elp2,,,,
RL22L_MOUSE,Q9D7S7,RL22L_MOUSE,Rpl22l1,,,,
PAIRB_MOUSE,Q9CY58,PAIRB_MOUSE,Serbp1,,,,
GPX41_MOUSE,O70325,GPX4_MOUSE,Gpx4,,,,
CUL7_MOUSE,Q8VE73,CUL7_MOUSE,Cul7,,,,
SGTA_MOUSE,Q8BJU0,SGTA_MOUSE,Sgta,,,,
MCFD2_MOUSE,Q8K5B2,MCFD2_MOUSE,Mcfd2,,,,
UBQL1_MOUSE,Q8R317,UBQL1_MOUSE,Ubqln1,,,,
RS26_MOUSE,P62855,RS26_MOUSE,Rps26,,,,
SSRG_MOUSE,Q9DCF9,SSRG_MOUSE,Ssr3,,,,
SC61G_MOUSE,P60060,SC61G_MOUSE,Sec61g,,,,
STK24_MOUSE,Q99KH8,STK24_MOUSE,Stk24,,,,
DUS6_MOUSE,Q9DBB1,DUS6_MOUSE,Dusp6,,,,
DUS7_MOUSE,Q91Z46,DUS7_MOUSE,Dusp7,,,,
UCHL4_MOUSE,P58321,UCHL4_MOUSE,Uchl4,,,,
RL28_MOUSE,P41105,RL28_MOUSE,Rpl28,,,,
DYLT1_MOUSE,P51807,DYLT1_MOUSE,Dynlt1,,,,
SC11A_MOUSE,Q9R0P6,SC11A_MOUSE,Sec11a,,,,
ROA3_MOUSE,Q8BG05,ROA3_MOUSE,Hnrnpa3,,,,
PLCH1_MOUSE,Q4KWH5,PLCH1_MOUSE,Plch1,,,,
MAP4_MOUSE,P27546,MAP4_MOUSE,Map4,,,,
ACLY_MOUSE,Q91V92,ACLY_MOUSE,Acly,,,,
K2C79_MOUSE,Q8VED5,K2C79_MOUSE,Krt79,,,,
ASNS_MOUSE,Q61024,ASNS_MOUSE,Asns,,,,
SRC8_MOUSE,Q60598,SRC8_MOUSE,Cttn,,,,
SEPT6_MOUSE,Q9R1T4,SEPT6_MOUSE,Septin6,,,,
HDAC6_MOUSE,Q9Z2V5,HDAC6_MOUSE,Hdac6,,,,
LYZ1_MOUSE,P17897,LYZ1_MOUSE,Lyz1,,,,
BAX_MOUSE,Q07813,BAX_MOUSE,Bax,,,,
CCDC6_MOUSE,D3YZP9,CCDC6_MOUSE,Ccdc6,,,,
ALG5_MOUSE,Q9DB25,ALG5_MOUSE,Alg5,,,,
WNK3_MOUSE,Q80XP9,WNK3_MOUSE,Wnk3,,,,
OSTC_MOUSE,Q78XF5,OSTC_MOUSE,Ostc,,,,
INF2_MOUSE,Q0GNC1,INF2_MOUSE,Inf2,,,,
CMTR2_MOUSE,Q8BWQ4,CMTR2_MOUSE,Cmtr2,,,,
K1C17_MOUSE,Q9QWL7,K1C17_MOUSE,Krt17,,,,
COX5B_MOUSE,P19536,COX5B_MOUSE,Cox5b,,,,
MAGI1_MOUSE,Q6RHR9,MAGI1_MOUSE,Magi1,,,,
3BHS6_MOUSE,O35469,3BHS6_MOUSE,Hsd3b6,,,,
SYNE2_MOUSE,Q6ZWQ0,SYNE2_MOUSE,Syne2,,,,
THIKB_MOUSE,Q8VCH0,THIKB_MOUSE,Acaa1b,,,,
IF4H_MOUSE,Q9WUK2,IF4H_MOUSE,Eif4h,,,,
T22D1_MOUSE,P62500,T22D1_MOUSE,Tsc22d1,,,,
CDV3_MOUSE,Q4VAA2,CDV3_MOUSE,Cdv3,,,,
RL36_MOUSE,P47964,RL36_MOUSE,Rpl36,,,,
RS28_MOUSE,P62858,RS28_MOUSE,Rps28,,,,
TOM20_MOUSE,Q9DCC8,TOM20_MOUSE,Tomm20,,,,
YB039_MOUSE,Q8BT35,MTLN_MOUSE,Mtln,,,,
HSP72_MOUSE,P17156,HSP72_MOUSE,Hspa2,,,,
QCR9_MOUSE,Q8R1I1,QCR9_MOUSE,Uqcr10,,,,
GLUC_MOUSE,P55095,GLUC_MOUSE,Gcg,,,,